id;task_name;task_shecduled_at;status
1;Licensed HTTP Bike;2020-02-24T15:12:16;reintermediate calculate
2;bricks-and-clicks;2020-02-24T23:07:49;programming bandwidth
3;Chips copy;2020-02-24T11:06:14;Movies Licensed Concrete Shirt
4;parsing IB Place;2020-02-24T21:52:48;partnerships monitor Convertible Marks
5;Tasty;2020-02-24T22:34:03;program grey
6;model;2020-02-24T21:30:23;card Salad Concrete
7;program Fish;2020-02-25T03:44:55;bandwidth Philippine Peso
8;Planner Zambia;2020-02-25T06:40:22;Product
9;Shoals Vanuatu Music;2020-02-25T08:56:01;UAE Dirham
10;magenta;2020-02-24T17:25:39;Salad Guinea Franc
